-- ADMIN
INSERT INTO [Cinema].[Admin] ([UsernameAdmin], [Password], [Nome], [Cognome]) VALUES (N'Cate', N'427ade9c15ec643751860eba9899355b', N'Caterina', N'Poggi')
INSERT INTO [Cinema].[Admin] ([UsernameAdmin], [Password], [Nome], [Cognome]) VALUES (N'Tom', N'81dc9bdb52d04dc20036dbd8313ed055', N'Tommaso', N'Belli')

-- USER
INSERT INTO [Cinema].[UtenteFree] ([UsernameUtenteFree], [Password], [Nome], [Cognome]) VALUES (N'Cri', N'81dc9bdb52d04dc20036dbd8313ed055', N'Christian', N'Gherri')
INSERT INTO [Cinema].[UtenteFree] ([UsernameUtenteFree], [Password], [Nome], [Cognome]) VALUES (N'Dann', N'ilmigliore', N'Daniele', N'Pellegrini')
INSERT INTO [Cinema].[UtenteFree] ([UsernameUtenteFree], [Password], [Nome], [Cognome]) VALUES (N'Mike', N'asd', N'Michele', N'Tuni')


-- FILM
SET IDENTITY_INSERT [Cinema].[Film] ON
INSERT INTO [Cinema].[Film] ([CodiceFilm], [Titolo], [Anno], [Regia], [Durata], [Data_Uscita], [Genere]) VALUES (1, N'Avatar', 2019, N'James Cameron', 162, N'2019-07-01', N'Fantascienza')
INSERT INTO [Cinema].[Film] ([CodiceFilm], [Titolo], [Anno], [Regia], [Durata], [Data_Uscita], [Genere]) VALUES (2, N'Interstellar', 2014, N'Christopher Nolan', 169, N'2019-06-20', N'Fantascienza')
INSERT INTO [Cinema].[Film] ([CodiceFilm], [Titolo], [Anno], [Regia], [Durata], [Data_Uscita], [Genere]) VALUES (3, N'Toy Story 4', 2019, N'Josh Cooley', 100, N'2019-06-26', N'Animazione')
INSERT INTO [Cinema].[Film] ([CodiceFilm], [Titolo], [Anno], [Regia], [Durata], [Data_Uscita], [Genere]) VALUES (4, N'Spider-Man: Far From Home', 2019, N'Jon Watts', 129, N'2019-07-10', N'Azione')
INSERT INTO [Cinema].[Film] ([CodiceFilm], [Titolo], [Anno], [Regia], [Durata], [Data_Uscita], [Genere]) VALUES (6, N'C''era una volta a... Hollywood', 2019, N'Quentin Tarantino', 160, N'2019-09-19', N'Drammatico')
INSERT INTO [Cinema].[Film] ([CodiceFilm], [Titolo], [Anno], [Regia], [Durata], [Data_Uscita], [Genere]) VALUES (7, N'Joker', 2019, N'Todd Phillips', 122, N'2019-08-31', N'Thriller')
SET IDENTITY_INSERT [Cinema].[Film] OFF

-- SALA
SET IDENTITY_INSERT [Cinema].[Sala] ON
INSERT INTO [Cinema].[Sala] ([CodiceSala], [Capienza]) VALUES (1, 24)
INSERT INTO [Cinema].[Sala] ([CodiceSala], [Capienza]) VALUES (2, 16)
INSERT INTO [Cinema].[Sala] ([CodiceSala], [Capienza]) VALUES (3, 30)
SET IDENTITY_INSERT [Cinema].[Sala] OFF

-- POSTO
INSERT INTO [Cinema].[Posto] ([NumeroPosto], [Codice_Sala]) VALUES (1, 1)
INSERT INTO [Cinema].[Posto] ([NumeroPosto], [Codice_Sala]) VALUES (1, 2)
INSERT INTO [Cinema].[Posto] ([NumeroPosto], [Codice_Sala]) VALUES (1, 3)
INSERT INTO [Cinema].[Posto] ([NumeroPosto], [Codice_Sala]) VALUES (2, 1)
INSERT INTO [Cinema].[Posto] ([NumeroPosto], [Codice_Sala]) VALUES (2, 2)
INSERT INTO [Cinema].[Posto] ([NumeroPosto], [Codice_Sala]) VALUES (2, 3)
INSERT INTO [Cinema].[Posto] ([NumeroPosto], [Codice_Sala]) VALUES (3, 1)
INSERT INTO [Cinema].[Posto] ([NumeroPosto], [Codice_Sala]) VALUES (3, 2)
INSERT INTO [Cinema].[Posto] ([NumeroPosto], [Codice_Sala]) VALUES (3, 3)
INSERT INTO [Cinema].[Posto] ([NumeroPosto], [Codice_Sala]) VALUES (4, 1)
INSERT INTO [Cinema].[Posto] ([NumeroPosto], [Codice_Sala]) VALUES (4, 2)
INSERT INTO [Cinema].[Posto] ([NumeroPosto], [Codice_Sala]) VALUES (4, 3)
INSERT INTO [Cinema].[Posto] ([NumeroPosto], [Codice_Sala]) VALUES (5, 1)
INSERT INTO [Cinema].[Posto] ([NumeroPosto], [Codice_Sala]) VALUES (5, 2)
INSERT INTO [Cinema].[Posto] ([NumeroPosto], [Codice_Sala]) VALUES (5, 3)
INSERT INTO [Cinema].[Posto] ([NumeroPosto], [Codice_Sala]) VALUES (6, 1)
INSERT INTO [Cinema].[Posto] ([NumeroPosto], [Codice_Sala]) VALUES (6, 2)
INSERT INTO [Cinema].[Posto] ([NumeroPosto], [Codice_Sala]) VALUES (6, 3)
INSERT INTO [Cinema].[Posto] ([NumeroPosto], [Codice_Sala]) VALUES (7, 1)
INSERT INTO [Cinema].[Posto] ([NumeroPosto], [Codice_Sala]) VALUES (7, 2)
INSERT INTO [Cinema].[Posto] ([NumeroPosto], [Codice_Sala]) VALUES (7, 3)
INSERT INTO [Cinema].[Posto] ([NumeroPosto], [Codice_Sala]) VALUES (8, 1)
INSERT INTO [Cinema].[Posto] ([NumeroPosto], [Codice_Sala]) VALUES (8, 2)
INSERT INTO [Cinema].[Posto] ([NumeroPosto], [Codice_Sala]) VALUES (8, 3)
INSERT INTO [Cinema].[Posto] ([NumeroPosto], [Codice_Sala]) VALUES (9, 1)
INSERT INTO [Cinema].[Posto] ([NumeroPosto], [Codice_Sala]) VALUES (9, 2)
INSERT INTO [Cinema].[Posto] ([NumeroPosto], [Codice_Sala]) VALUES (9, 3)
INSERT INTO [Cinema].[Posto] ([NumeroPosto], [Codice_Sala]) VALUES (10, 1)
INSERT INTO [Cinema].[Posto] ([NumeroPosto], [Codice_Sala]) VALUES (10, 2)
INSERT INTO [Cinema].[Posto] ([NumeroPosto], [Codice_Sala]) VALUES (10, 3)
INSERT INTO [Cinema].[Posto] ([NumeroPosto], [Codice_Sala]) VALUES (11, 1)
INSERT INTO [Cinema].[Posto] ([NumeroPosto], [Codice_Sala]) VALUES (11, 2)
INSERT INTO [Cinema].[Posto] ([NumeroPosto], [Codice_Sala]) VALUES (11, 3)
INSERT INTO [Cinema].[Posto] ([NumeroPosto], [Codice_Sala]) VALUES (12, 1)
INSERT INTO [Cinema].[Posto] ([NumeroPosto], [Codice_Sala]) VALUES (12, 2)
INSERT INTO [Cinema].[Posto] ([NumeroPosto], [Codice_Sala]) VALUES (12, 3)
INSERT INTO [Cinema].[Posto] ([NumeroPosto], [Codice_Sala]) VALUES (13, 1)
INSERT INTO [Cinema].[Posto] ([NumeroPosto], [Codice_Sala]) VALUES (13, 2)
INSERT INTO [Cinema].[Posto] ([NumeroPosto], [Codice_Sala]) VALUES (13, 3)
INSERT INTO [Cinema].[Posto] ([NumeroPosto], [Codice_Sala]) VALUES (14, 1)
INSERT INTO [Cinema].[Posto] ([NumeroPosto], [Codice_Sala]) VALUES (14, 2)
INSERT INTO [Cinema].[Posto] ([NumeroPosto], [Codice_Sala]) VALUES (14, 3)
INSERT INTO [Cinema].[Posto] ([NumeroPosto], [Codice_Sala]) VALUES (15, 1)
INSERT INTO [Cinema].[Posto] ([NumeroPosto], [Codice_Sala]) VALUES (15, 2)
INSERT INTO [Cinema].[Posto] ([NumeroPosto], [Codice_Sala]) VALUES (15, 3)
INSERT INTO [Cinema].[Posto] ([NumeroPosto], [Codice_Sala]) VALUES (16, 1)
INSERT INTO [Cinema].[Posto] ([NumeroPosto], [Codice_Sala]) VALUES (16, 2)
INSERT INTO [Cinema].[Posto] ([NumeroPosto], [Codice_Sala]) VALUES (16, 3)
INSERT INTO [Cinema].[Posto] ([NumeroPosto], [Codice_Sala]) VALUES (17, 1)
INSERT INTO [Cinema].[Posto] ([NumeroPosto], [Codice_Sala]) VALUES (17, 3)
INSERT INTO [Cinema].[Posto] ([NumeroPosto], [Codice_Sala]) VALUES (18, 1)
INSERT INTO [Cinema].[Posto] ([NumeroPosto], [Codice_Sala]) VALUES (18, 3)
INSERT INTO [Cinema].[Posto] ([NumeroPosto], [Codice_Sala]) VALUES (19, 1)
INSERT INTO [Cinema].[Posto] ([NumeroPosto], [Codice_Sala]) VALUES (19, 3)
INSERT INTO [Cinema].[Posto] ([NumeroPosto], [Codice_Sala]) VALUES (20, 1)
INSERT INTO [Cinema].[Posto] ([NumeroPosto], [Codice_Sala]) VALUES (20, 3)
INSERT INTO [Cinema].[Posto] ([NumeroPosto], [Codice_Sala]) VALUES (21, 1)
INSERT INTO [Cinema].[Posto] ([NumeroPosto], [Codice_Sala]) VALUES (21, 3)
INSERT INTO [Cinema].[Posto] ([NumeroPosto], [Codice_Sala]) VALUES (22, 1)
INSERT INTO [Cinema].[Posto] ([NumeroPosto], [Codice_Sala]) VALUES (22, 3)
INSERT INTO [Cinema].[Posto] ([NumeroPosto], [Codice_Sala]) VALUES (23, 1)
INSERT INTO [Cinema].[Posto] ([NumeroPosto], [Codice_Sala]) VALUES (23, 3)
INSERT INTO [Cinema].[Posto] ([NumeroPosto], [Codice_Sala]) VALUES (24, 1)
INSERT INTO [Cinema].[Posto] ([NumeroPosto], [Codice_Sala]) VALUES (24, 3)
INSERT INTO [Cinema].[Posto] ([NumeroPosto], [Codice_Sala]) VALUES (25, 3)
INSERT INTO [Cinema].[Posto] ([NumeroPosto], [Codice_Sala]) VALUES (26, 3)
INSERT INTO [Cinema].[Posto] ([NumeroPosto], [Codice_Sala]) VALUES (27, 3)
INSERT INTO [Cinema].[Posto] ([NumeroPosto], [Codice_Sala]) VALUES (28, 3)
INSERT INTO [Cinema].[Posto] ([NumeroPosto], [Codice_Sala]) VALUES (29, 3)
INSERT INTO [Cinema].[Posto] ([NumeroPosto], [Codice_Sala]) VALUES (30, 3)

-- EVENTO
SET IDENTITY_INSERT [Cinema].[Evento] ON
INSERT INTO [Cinema].[Evento] ([CodiceEvento], [DataOra], [Codice_Film], [Codice_Sala], [Username_Admin], [Prezzo]) VALUES (1, N'2018-10-01 19:00:00', 7, 3, N'Tom', CAST(9.00 AS Decimal(3, 2)))
INSERT INTO [Cinema].[Evento] ([CodiceEvento], [DataOra], [Codice_Film], [Codice_Sala], [Username_Admin], [Prezzo]) VALUES (3, N'2019-10-05 10:30:00', 6, 2, N'Tom', CAST(7.50 AS Decimal(3, 2)))
INSERT INTO [Cinema].[Evento] ([CodiceEvento], [DataOra], [Codice_Film], [Codice_Sala], [Username_Admin], [Prezzo]) VALUES (4, N'2019-10-10 22:30:00', 7, 1, N'Tom', CAST(7.00 AS Decimal(3, 2)))
INSERT INTO [Cinema].[Evento] ([CodiceEvento], [DataOra], [Codice_Film], [Codice_Sala], [Username_Admin], [Prezzo]) VALUES (5, N'2019-10-12 00:00:00', 2, 1, N'Tom', CAST(8.00 AS Decimal(3, 2)))
INSERT INTO [Cinema].[Evento] ([CodiceEvento], [DataOra], [Codice_Film], [Codice_Sala], [Username_Admin], [Prezzo]) VALUES (6, N'2019-10-05 12:00:00', 6, 1, N'Tom', CAST(7.00 AS Decimal(3, 2)))
INSERT INTO [Cinema].[Evento] ([CodiceEvento], [DataOra], [Codice_Film], [Codice_Sala], [Username_Admin], [Prezzo]) VALUES (7, N'2019-10-02 16:00:00', 4, 2, N'Tom', CAST(7.00 AS Decimal(3, 2)))
INSERT INTO [Cinema].[Evento] ([CodiceEvento], [DataOra], [Codice_Film], [Codice_Sala], [Username_Admin], [Prezzo]) VALUES (8, N'2019-10-31 23:00:00', 7, 3, N'Tom', CAST(7.00 AS Decimal(3, 2)))
INSERT INTO [Cinema].[Evento] ([CodiceEvento], [DataOra], [Codice_Film], [Codice_Sala], [Username_Admin], [Prezzo]) VALUES (9, N'2019-10-20 00:00:00', 3, 1, N'Tom', CAST(7.32 AS Decimal(3, 2)))
SET IDENTITY_INSERT [Cinema].[Evento] OFF
